layer_num,layer_name,layer_type,mean,std,min,max,percentile_1,percentile_2,percentile_5,percentile_95,percentile_98,percentile_99,percentile_99.5
3,diffusion_model.time_embed.0,Linear,-0.054551356,0.7851859,-5.4770913,8.666509,-2.5873873233795166,-1.533532738685608,-1.2228724658489225,0.05842350590974056,0.07907851785421371,3.4694466590881348,4.517762660980225
5,diffusion_model.time_embed.2,Linear,-0.018339869,0.4390107,-5.6886854,6.063121,-1.7294275760650635,-0.028592702001333237,-0.02145767314359545,0.018986957054585214,0.023724881932139397,0.027080314233899117,0.03563035652041435
8,diffusion_model.input_blocks.0.0,Conv2d,0.0041916375,0.35342824,-3.700949,3.8955622,-0.9151399564743042,-0.7614009976387024,-0.5673182040452958,0.5602836698293685,0.7393609881401062,0.8797317761182746,1.028634173870087
14,diffusion_model.input_blocks.1.0.in_layers.2,Conv2d,-0.09841354,0.8064457,-10.503736,7.2084136,-2.6019222497940064,-2.0913407802581787,-1.464442229270935,1.0616119325160978,1.4656364917755127,1.781721235513686,2.0952016365528134
18,diffusion_model.input_blocks.1.0.emb_layers.1,Linear,-0.1375611,2.226994,-16.51286,4.5086184,-11.954978942871094,-7.122050762176514,-3.3647238731384275,1.7840239465236654,2.3421802520751953,3.041275978088379,3.8841850757598877
23,diffusion_model.input_blocks.1.0.out_layers.3,Conv2d,-0.12399456,0.5871566,-7.0874534,2.7585244,-2.7921173644065855,-1.9691780805587769,-0.7970491528511047,0.5347326070070266,0.7081267833709717,0.8406410425901405,0.982157365679743
27,diffusion_model.input_blocks.1.1.proj_in,Linear,-7.669595e-05,0.18922985,-2.1765554,1.5779135,-0.5020165359973907,-0.37703654170036316,-0.27651863247156144,0.2798001512885093,0.37129321694374084,0.45494595438241847,0.5663856923580173
31,diffusion_model.input_blocks.1.1.transformer_blocks.0.attn1.to_q,Linear,-0.010147617,1.020728,-5.8066564,5.5459986,-2.4644631934165955,-2.143381118774414,-1.6759043693542481,1.67706241607666,2.1510326862335205,2.477271308898924,2.7847806012630487
32,diffusion_model.input_blocks.1.1.transformer_blocks.0.attn1.to_k,Linear,0.0071180193,0.980241,-5.4104514,5.065417,-2.3342134380340576,-2.039466619491577,-1.607232356071472,1.6155823469161987,2.0405850410461426,2.3287713766098013,2.59607606410981
33,diffusion_model.input_blocks.1.1.transformer_blocks.0.attn1.to_v,Linear,-0.0038115892,0.62176836,-4.2912326,4.479255,-1.5758403551578521,-1.3391201496124268,-1.0171113848686217,1.007094532251358,1.326150894165039,1.5592695903778,1.7826702636480407
35,diffusion_model.input_blocks.1.1.transformer_blocks.0.attn1.to_out.0,Linear,0.0037902968,0.111274466,-0.6462738,1.0469153,-0.27113902926445005,-0.23265117406845093,-0.17797502502799034,0.17958874553441997,0.23215875029563904,0.27342133164405813,0.3210286335647107
40,diffusion_model.input_blocks.1.1.transformer_blocks.0.ff.net.0.proj,Linear,-0.14868638,0.49103677,-5.6964912,3.7075179,-1.5762603557109833,-1.2909876108169556,-0.9470444917678833,0.5867229133844374,0.8087983465194704,0.98392153084278,1.1542356747388833
42,diffusion_model.input_blocks.1.1.transformer_blocks.0.ff.net.2,Linear,-0.008866247,0.22036989,-2.350382,2.6358933,-0.5566497188806534,-0.4429480451345444,-0.33294466733932493,0.31381757408380506,0.42099936664104476,0.5197917938232417,0.6572442603111308
44,diffusion_model.input_blocks.1.1.transformer_blocks.0.attn2.to_q,Linear,0.03478312,0.36566862,-1.6581187,1.5840899,-0.9686264783143997,-0.7528136372566223,-0.5421569973230361,0.63987917304039,0.9954981803894043,1.1258744144439672,1.190388407707215
45,diffusion_model.input_blocks.1.1.transformer_blocks.0.attn2.to_k,Linear,-0.009379578,3.8984172,-25.188126,17.723454,-14.135122861862182,-8.515075054168701,-5.579549312591553,5.455309581756587,8.21731948852539,10.459725780487046,12.81484816074368
46,diffusion_model.input_blocks.1.1.transformer_blocks.0.attn2.to_v,Linear,-0.006704599,0.69813514,-6.4808254,6.354285,-2.824676058292389,-1.717757225036621,-0.7815723091363905,0.777237594127655,1.4861199402809158,2.5781254649162255,3.262587879896162
48,diffusion_model.input_blocks.1.1.transformer_blocks.0.attn2.to_out.0,Linear,0.00023248415,0.06493596,-0.5396835,0.70340693,-0.14572797015309333,-0.11745542630553245,-0.09118054322898388,0.08635247088968753,0.1107274988293648,0.13298781156539907,0.2737382374703885
53,diffusion_model.input_blocks.1.1.proj_out,Linear,0.01684821,0.24665214,-1.888061,2.4836116,-0.5594943648576737,-0.48653765976428986,-0.3809052884578705,0.4210539698600768,0.5505043756961823,0.6526027506589878,0.756303048431874
59,diffusion_model.input_blocks.2.0.in_layers.2,Conv2d,0.13601346,0.45573246,-4.7280865,4.14836,-1.2234516167640686,-0.9504874718189239,-0.6110650420188903,0.8189362376928329,1.019055423736573,1.1737116694450374,1.3468742895126358
63,diffusion_model.input_blocks.2.0.emb_layers.1,Linear,0.09802469,0.6416049,-2.72874,1.40373,-2.453627586364746,-1.8863791227340698,-1.3172554194927213,0.7160722315311426,0.8624538779258728,0.9765657186508179,1.2589702606201172
68,diffusion_model.input_blocks.2.0.out_layers.3,Conv2d,0.041114252,0.4745754,-2.3393583,4.375474,-0.9696834665536881,-0.8065245270729064,-0.6195731788873673,0.7487885862588879,1.1440529942512514,1.6396382343768994,2.048199357986462
72,diffusion_model.input_blocks.2.1.proj_in,Linear,-0.010667463,0.33911857,-5.94075,2.580021,-0.7175728261470795,-0.5679997646808624,-0.42735625207424166,0.42613366842269895,0.5506098556518555,0.6463510251045204,0.7484842574596413
76,diffusion_model.input_blocks.2.1.transformer_blocks.0.attn1.to_q,Linear,0.024844019,1.1576326,-6.2121987,5.93022,-2.684742474555969,-2.359780316352844,-1.877685523033142,1.9316550612449646,2.415809350013733,2.74226986408233,3.042193225622177
77,diffusion_model.input_blocks.2.1.transformer_blocks.0.attn1.to_k,Linear,0.06258225,1.1519768,-5.132597,5.5455976,-2.5568640351295473,-2.272904272079468,-1.8328158557415009,1.958710676431656,2.4111596107482915,2.7092842650413473,2.9804793548583994
78,diffusion_model.input_blocks.2.1.transformer_blocks.0.attn1.to_v,Linear,0.005873689,0.6135185,-4.016533,3.827371,-1.4838084506988525,-1.2797679805755615,-0.9957521677017211,1.0106269299983976,1.2995404505729682,1.5063467347621886,1.7023825836181663
80,diffusion_model.input_blocks.2.1.transformer_blocks.0.attn1.to_out.0,Linear,-0.00026582894,0.17317207,-2.3586247,0.8811614,-0.33314233392477033,-0.2560226267576218,-0.19655428007245063,0.2147803239524364,0.2726766175031663,0.3170946812629696,0.36717643082141904
85,diffusion_model.input_blocks.2.1.transformer_blocks.0.ff.net.0.proj,Linear,-0.06815589,0.36156744,-4.3190494,2.7644048,-1.0135522866249085,-0.8588196587562561,-0.6615476608276367,0.49755272418260565,0.652294284105301,0.7606713068485256,0.8630666655302033
87,diffusion_model.input_blocks.2.1.transformer_blocks.0.ff.net.2,Linear,-0.0056997547,0.16532938,-1.4236344,2.4564073,-0.38665965646505357,-0.33442714214324953,-0.26155222207307816,0.24364810585975638,0.3193069356679916,0.382111954092978,0.47068966105580523
89,diffusion_model.input_blocks.2.1.transformer_blocks.0.attn2.to_q,Linear,-0.012727112,0.34411114,-1.6530265,1.5920151,-1.094211002588272,-0.9177575170993805,-0.6408812642097473,0.5371705859899516,0.8243288695812228,0.9471518313884734,1.0484944564104093
90,diffusion_model.input_blocks.2.1.transformer_blocks.0.attn2.to_k,Linear,0.17840342,4.0588493,-25.63845,31.088518,-12.488703947067261,-8.277461051940918,-5.117320418357849,5.976439285278296,9.887941684722902,13.36014187812791,18.07223892211914
91,diffusion_model.input_blocks.2.1.transformer_blocks.0.attn2.to_v,Linear,0.023520993,0.73516905,-6.8838544,7.9828463,-2.379976243972778,-1.6061540675163268,-0.6018205463886261,0.6398521780967712,1.9974787688255322,2.949338912963867,4.004064226150502
93,diffusion_model.input_blocks.2.1.transformer_blocks.0.attn2.to_out.0,Linear,-0.004014321,0.059124865,-1.354932,1.8570459,-0.11665825486183166,-0.09569202363491058,-0.07449813187122345,0.0745096158236265,0.09803394705057146,0.11802090510725959,0.1408014329522848
98,diffusion_model.input_blocks.2.1.proj_out,Linear,0.063677214,0.50005025,-5.0298467,4.846741,-1.0766740584373473,-0.9112609171867371,-0.6964352130889893,0.8402922838926314,1.1941422057151794,1.5422037112712852,1.8290767019987109
101,diffusion_model.input_blocks.3.0.op,Conv2d,0.018342167,0.9366766,-13.563327,14.149828,-2.4128165912628172,-1.8701785159111022,-1.3325823485851287,1.3956654310226435,1.9633218026161188,2.5183194637298554,3.2468935310840594
107,diffusion_model.input_blocks.4.0.in_layers.2,Conv2d,0.070555136,0.53459865,-5.6949425,4.288429,-1.4569274151325224,-1.161980299949646,-0.811244136095047,0.8725768774747844,1.0936961102485654,1.2560529887676242,1.4241907870769501
111,diffusion_model.input_blocks.4.0.emb_layers.1,Linear,0.02624396,0.74183047,-6.8558702,2.8371596,-3.072786808013916,-2.396266460418701,-1.0840466439723964,0.6249772131443013,0.7449666261672974,0.850662887096405,1.0790971517562866
116,diffusion_model.input_blocks.4.0.out_layers.3,Conv2d,-0.08018447,0.77820885,-8.162527,4.0844603,-2.630515055656433,-1.7724054527282715,-1.2100669384002685,1.021780896186828,1.2990979290008533,1.4941362869739536,1.6823261791467667
117,diffusion_model.input_blocks.4.0.skip_connection,Conv2d,0.0011677832,0.63245237,-9.872236,9.06615,-1.71489426612854,-1.3179919219017027,-0.930988699197769,0.931674039363861,1.2924133563041655,1.6437925982475283,2.1019844567775734
120,diffusion_model.input_blocks.4.1.proj_in,Linear,0.013587413,0.47294343,-7.4778028,4.6119313,-1.0553225874900818,-0.8424938106536864,-0.6281489342451095,0.6726550757884976,0.8656506943702695,1.0203373777866376,1.1963421255350115
124,diffusion_model.input_blocks.4.1.transformer_blocks.0.attn1.to_q,Linear,0.013726364,0.9083935,-5.9523563,6.239428,-2.2433823800086974,-1.9171232962608338,-1.4673977494239807,1.4915361523628234,1.9373753166198702,2.256666340827943,2.5575792419910433
125,diffusion_model.input_blocks.4.1.transformer_blocks.0.attn1.to_k,Linear,0.011823375,0.9162856,-5.0141907,5.169132,-2.1932708644866943,-1.905964891910553,-1.4874464333057404,1.52938510775566,1.9357957625389088,2.216248848438263,2.4709978830814365
126,diffusion_model.input_blocks.4.1.transformer_blocks.0.attn1.to_v,Linear,-0.0034446667,0.6511474,-4.2366223,4.0129848,-1.5690500664710998,-1.3597233939170836,-1.0652911722660063,1.0638795375823973,1.3610672640800474,1.5701858079433477,1.7679827171564109
128,diffusion_model.input_blocks.4.1.transformer_blocks.0.attn1.to_out.0,Linear,0.0015013202,0.2560114,-1.9215215,4.45955,-0.5811101883649826,-0.500337256193161,-0.3935050919651985,0.4006760284304616,0.5280753457546231,0.6405139583349235,0.7959811037778886
133,diffusion_model.input_blocks.4.1.transformer_blocks.0.ff.net.0.proj,Linear,-0.13694657,0.53688914,-4.268967,4.4883018,-1.5741627526283264,-1.3368407988548279,-1.0280481636524201,0.7085378229618069,0.9570187938213313,1.1404665017127993,1.3235031175613408
135,diffusion_model.input_blocks.4.1.transformer_blocks.0.ff.net.2,Linear,-0.018765442,0.41815117,-3.3441553,7.1942616,-0.9080627298355103,-0.7960961735248566,-0.6357613533735275,0.5915639758110045,0.774375910758972,0.925406681299211,1.1372981029748923
137,diffusion_model.input_blocks.4.1.transformer_blocks.0.attn2.to_q,Linear,-0.0030704113,0.54742974,-3.3879507,2.903433,-1.8835008180141448,-1.2000340342521667,-0.7982930779457093,0.7812386184930802,1.0770529294013966,1.470790818929673,2.0456273674964907
138,diffusion_model.input_blocks.4.1.transformer_blocks.0.attn2.to_k,Linear,0.098708645,3.4633794,-23.151005,21.867088,-9.670561447143555,-6.615565166473389,-4.618216395378113,4.860803604125977,6.847589111328114,10.714920043945312,14.861753463745117
139,diffusion_model.input_blocks.4.1.transformer_blocks.0.attn2.to_v,Linear,-0.021719262,0.9821891,-9.528868,11.053088,-3.53228866815567,-2.2645081424713136,-1.212170910835266,1.2240543603897092,1.7863096785545345,2.41449115753174,3.1597118377685547
141,diffusion_model.input_blocks.4.1.transformer_blocks.0.attn2.to_out.0,Linear,-0.0028796596,0.15471677,-1.8739519,0.975778,-0.4107601121068001,-0.3420016247034073,-0.2512215107679367,0.24789782688021644,0.33217221021652216,0.38685028195381177,0.43622796326875746
146,diffusion_model.input_blocks.4.1.proj_out,Linear,0.03661666,0.68331164,-5.351054,12.593542,-1.5584399700164795,-1.3617517852783203,-1.0755278825759889,1.1593793034553526,1.4636803150176987,1.6792296183109294,1.8865462803840645
152,diffusion_model.input_blocks.5.0.in_layers.2,Conv2d,0.25753286,0.5851623,-5.5275087,9.827466,-1.3049689841270447,-1.0269357967376709,-0.6909170299768448,1.1802076637744903,1.4599630331993079,1.6672515392303477,1.8761986052989985
156,diffusion_model.input_blocks.5.0.emb_layers.1,Linear,0.10483739,0.57747793,-2.584028,1.1890941,-2.2144644260406494,-1.7172988653182983,-1.0913643240928648,0.752284887433051,0.9402316212654114,0.9914392232894897,1.0680595636367798
161,diffusion_model.input_blocks.5.0.out_layers.3,Conv2d,-0.0331033,0.8455778,-6.7788944,5.1140466,-2.104034707546234,-1.8094736409187315,-1.4129158318042756,1.3295296430587764,1.6965382981300352,1.9592085897922549,2.2168295788764967
165,diffusion_model.input_blocks.5.1.proj_in,Linear,-0.0047625466,0.787608,-7.1582503,18.03271,-1.3965978753566741,-1.1936262440681458,-0.9339375644922256,0.8850729584693904,1.142500693798065,1.3444201409816752,1.5981642174720792
169,diffusion_model.input_blocks.5.1.transformer_blocks.0.attn1.to_q,Linear,-0.020506745,0.89561534,-5.44621,5.0431867,-2.1311375594139097,-1.8727211308479308,-1.4912927329540253,1.4532712697982788,1.8433775377273558,2.111860861778263,2.3642057204246525
170,diffusion_model.input_blocks.5.1.transformer_blocks.0.attn1.to_k,Linear,-0.021262642,0.87264735,-4.5918775,4.8216605,-2.084127004146576,-1.8298752427101135,-1.4539830088615417,1.4098078608512876,1.7892997074127195,2.04971009016037,2.299512003660204
171,diffusion_model.input_blocks.5.1.transformer_blocks.0.attn1.to_v,Linear,0.0039561274,0.5163461,-3.2947302,3.6423712,-1.2364814579486847,-1.0709489917755126,-0.8371365845203399,0.8502415090799329,1.0964757752418517,1.274130510091783,1.4467468184232721
173,diffusion_model.input_blocks.5.1.transformer_blocks.0.attn1.to_out.0,Linear,0.007183026,0.26620376,-3.2933972,5.356625,-0.5771601057052612,-0.5017679786682129,-0.39135754108428955,0.3898676872253417,0.49310020089149453,0.5830048638582233,0.7136177194118516
178,diffusion_model.input_blocks.5.1.transformer_blocks.0.ff.net.0.proj,Linear,-0.101088874,0.38789347,-3.3462224,17.67541,-1.1032569897174835,-0.9443799471855163,-0.7350384771823882,0.518338987231254,0.708375340700149,0.8520982754230522,0.9945616737008096
180,diffusion_model.input_blocks.5.1.transformer_blocks.0.ff.net.2,Linear,0.0066208085,0.40734607,-12.970593,11.584262,-0.7393547505140304,-0.6259053730964661,-0.4811010956764221,0.5169409096240997,0.6636208736896514,0.7715334331989294,0.8774311706423762
182,diffusion_model.input_blocks.5.1.transformer_blocks.0.attn2.to_q,Linear,-0.02031531,0.5430763,-3.830293,4.0287085,-2.057902817726135,-1.0902630233764647,-0.7314123511314392,0.6824335843324658,0.9359914457797993,1.370372790098196,2.205721163749695
183,diffusion_model.input_blocks.5.1.transformer_blocks.0.attn2.to_k,Linear,-0.017744606,3.1829507,-24.458448,21.426292,-8.790657997131348,-6.172362327575684,-4.040845966339111,3.8840991139411907,5.903947830200195,10.55428695678711,15.288343248367298
184,diffusion_model.input_blocks.5.1.transformer_blocks.0.attn2.to_v,Linear,-0.06006399,0.9311016,-8.764526,8.715681,-3.9359629797935485,-2.4672813415527344,-1.199364161491394,0.974107027053833,1.6777619743347154,2.5547380447387695,3.5538535118103027
186,diffusion_model.input_blocks.5.1.transformer_blocks.0.attn2.to_out.0,Linear,-0.0015758733,0.09982256,-8.427459,2.7575226,-0.21875971287488938,-0.17585373520851136,-0.13317276164889336,0.1285426691174507,0.17066904276609404,0.2022642955183983,0.23290052771568304
191,diffusion_model.input_blocks.5.1.proj_out,Linear,0.09079242,1.1266313,-112.72978,98.93548,-2.349452409744263,-2.0342085218429564,-1.586232805252075,1.8473168432712552,2.4630565071105908,3.0418593597412134,3.748384710550314
194,diffusion_model.input_blocks.6.0.op,Conv2d,0.02613739,1.7708341,-19.557795,32.240387,-4.348094830513,-3.5734758377075195,-2.6817200064659117,2.7803131580352733,3.770569944381714,4.615552654266352,5.647909071445514
200,diffusion_model.input_blocks.7.0.in_layers.2,Conv2d,0.14222765,1.1232,-14.605477,10.048886,-3.09954078912735,-2.4491325283050536,-1.6926624953746796,1.7263956427574156,2.167613620758055,2.519079508781433,2.904377388954162
204,diffusion_model.input_blocks.7.0.emb_layers.1,Linear,0.069247864,0.8593821,-5.568806,8.371976,-3.3315072059631348,-2.5199201107025146,-1.422488605976101,1.0223639786243404,1.2424390316009521,1.405090093612671,1.713087558746338
209,diffusion_model.input_blocks.7.0.out_layers.3,Conv2d,0.014906396,1.5794617,-14.4092655,12.4762945,-3.86194846868515,-3.2605798053741455,-2.500696015357971,2.5049586296081525,3.2249427795410144,3.8046864104270908,4.469547965526574
210,diffusion_model.input_blocks.7.0.skip_connection,Conv2d,-0.0060188207,1.0374917,-17.94734,15.819564,-2.507188878059387,-2.106563000679016,-1.6094406962394714,1.6020146191120146,2.0892943477630608,2.478601448535918,2.961516959667205
213,diffusion_model.input_blocks.7.1.proj_in,Linear,0.0164346,0.8335269,-21.041956,23.893858,-1.6023236322402954,-1.3593193125724792,-1.0459720611572265,1.0560838758945463,1.368189055919647,1.6322582817077627,1.9999968421459196
217,diffusion_model.input_blocks.7.1.transformer_blocks.0.attn1.to_q,Linear,0.0031784577,0.84297335,-4.918244,4.299116,-2.0357465076446535,-1.7688420391082764,-1.3883034408092496,1.3747521817684172,1.7373481249809257,1.987552213668823,2.22832546710968
218,diffusion_model.input_blocks.7.1.transformer_blocks.0.attn1.to_k,Linear,0.0051846188,0.7897947,-4.426986,4.659154,-1.928074655532837,-1.6564416122436523,-1.282493633031845,1.2935555279254904,1.66375238418579,1.9267466306686396,2.1782106876373275
219,diffusion_model.input_blocks.7.1.transformer_blocks.0.attn1.to_v,Linear,0.0068710377,0.5371542,-3.323042,3.296668,-1.2755699813365937,-1.1101079106330871,-0.8717120260000228,0.8854498207569111,1.1242954969406127,1.2934829998016357,1.4562787783145903
221,diffusion_model.input_blocks.7.1.transformer_blocks.0.attn1.to_out.0,Linear,0.00057457323,0.6352507,-14.843779,13.035369,-1.0583579957485199,-0.906893845796585,-0.7090758234262466,0.7438183695077893,0.93893653512001,1.075349223613739,1.2154312884807585
226,diffusion_model.input_blocks.7.1.transformer_blocks.0.ff.net.0.proj,Linear,-0.31447336,0.83115935,-8.096012,5.5788603,-2.861779685020447,-2.4024606227874754,-1.7795466184616089,0.8952309727668744,1.2459057950973502,1.5136893379688257,1.7817534881830204
228,diffusion_model.input_blocks.7.1.transformer_blocks.0.ff.net.2,Linear,-0.012906968,0.76783025,-7.6206193,7.257019,-1.8163984060287475,-1.5752110338211058,-1.241185438632965,1.228490763902664,1.5645040249824522,1.8031589758396138,2.0312680828571317
230,diffusion_model.input_blocks.7.1.transformer_blocks.0.attn2.to_q,Linear,-0.01848078,0.65685,-4.962971,5.693677,-1.978612904548645,-1.3410829949378966,-0.9631285130977628,0.8925558239221556,1.2289804649353027,1.773816654682158,2.6686949598789202
231,diffusion_model.input_blocks.7.1.transformer_blocks.0.attn2.to_k,Linear,-0.009632738,2.94652,-19.189072,17.421919,-7.716552257537842,-5.784973621368408,-4.201723194122314,4.175337314605713,5.809164524078318,8.309374809265137,12.931286811828613
232,diffusion_model.input_blocks.7.1.transformer_blocks.0.attn2.to_v,Linear,0.06911229,1.2455685,-5.6699924,8.451995,-2.8684238362312318,-2.4214985370635986,-1.8123385310173035,2.072805404663086,3.0536458349227886,3.9531203293800585,4.714058656692489
234,diffusion_model.input_blocks.7.1.transformer_blocks.0.attn2.to_out.0,Linear,0.0037039989,0.5247173,-6.766984,5.3627434,-1.4331563675403596,-1.1845806312561036,-0.858258745074272,0.8573136568069457,1.1838189125061027,1.4044788026809685,1.6232378649711607
239,diffusion_model.input_blocks.7.1.proj_out,Linear,-0.045747135,1.6519271,-9.252199,10.223119,-3.9151687240600586,-3.4476541757583616,-2.7585758805274962,2.659423124790192,3.356315789222712,3.829227156639099,4.279533126354216
245,diffusion_model.input_blocks.8.0.in_layers.2,Conv2d,0.28227156,1.2577988,-15.282121,7.8322864,-3.479290871620178,-2.720686240196228,-1.8271035492420196,2.1304462909698483,2.6474698114395134,3.039176073074337,3.446657180786131
249,diffusion_model.input_blocks.8.0.emb_layers.1,Linear,0.24231863,0.66356105,-6.1966133,4.205366,-1.74806547164917,-1.214249849319458,-0.7541227519512176,1.1799860775470719,1.4190071821212769,1.5436948537826538,1.7194956541061401
254,diffusion_model.input_blocks.8.0.out_layers.3,Conv2d,0.05875089,1.1613045,-8.542431,6.410557,-2.7015028500556943,-2.346365270614624,-1.840201950073242,1.9717188298702233,2.4698387765884395,2.8081230950355494,3.1220193588733665
258,diffusion_model.input_blocks.8.1.proj_in,Linear,0.023974678,1.0200744,-22.375406,11.594768,-1.8319001960754395,-1.4916011691093445,-1.1347453773021698,1.2318367600440976,1.5673737549781788,1.8325187611579883,2.1663840389251705
262,diffusion_model.input_blocks.8.1.transformer_blocks.0.attn1.to_q,Linear,0.002928498,0.79702216,-4.106865,4.3686285,-1.8650465846061706,-1.631500186920166,-1.2946391820907592,1.3229897141456604,1.6658108162879943,1.897099374532699,2.110413734912872
263,diffusion_model.input_blocks.8.1.transformer_blocks.0.attn1.to_k,Linear,-0.021331495,0.72700167,-3.917385,3.9024844,-1.7576855945587158,-1.5373726177215576,-1.215858805179596,1.1662198126316068,1.4872266578674314,1.7152910399436945,1.9299921101331707
264,diffusion_model.input_blocks.8.1.transformer_blocks.0.attn1.to_v,Linear,-0.004114721,0.47636807,-2.8755896,2.7381268,-1.1310795915126801,-0.988924081325531,-0.7832611858844757,0.7775836974382397,0.9870151984691614,1.1325651717185974,1.271196525096893
266,diffusion_model.input_blocks.8.1.transformer_blocks.0.attn1.to_out.0,Linear,0.02866728,0.5411284,-4.7908783,14.368207,-1.0161785697937011,-0.8892591655254364,-0.7093241363763809,0.7519514203071587,0.9732930910587311,1.159972420930862,1.483250576257705
271,diffusion_model.input_blocks.8.1.transformer_blocks.0.ff.net.0.proj,Linear,-0.31094185,0.77355087,-6.6303215,4.9961104,-2.4354459142684934,-2.10126606464386,-1.6382704079151154,0.8744006901979443,1.1972128677368161,1.4335246086120605,1.6717040717601765
273,diffusion_model.input_blocks.8.1.transformer_blocks.0.ff.net.2,Linear,-0.04029715,0.71649665,-6.2734137,10.027897,-1.6357939267158508,-1.413827133178711,-1.1153535902500153,1.0314644873142238,1.3610687875747676,1.6421010565757748,2.068814085721969
275,diffusion_model.input_blocks.8.1.transformer_blocks.0.attn2.to_q,Linear,-0.0042461394,0.75706506,-5.441457,5.3348207,-2.6670903491973874,-1.4236727738380432,-1.0117067277431488,0.99999477267265,1.333521916866302,1.783585225343702,3.186794929504389
276,diffusion_model.input_blocks.8.1.transformer_blocks.0.attn2.to_k,Linear,0.015018437,2.3921208,-15.40153,16.806921,-6.415642552375793,-4.757827072143555,-3.3165244340896605,3.375047445297241,4.911312561035147,7.8867751312257095,10.383282356262171
277,diffusion_model.input_blocks.8.1.transformer_blocks.0.attn2.to_v,Linear,0.016953085,1.205026,-14.476992,11.016903,-3.31202520608902,-2.401010036468506,-1.6083401441574097,1.6265734434127808,2.355504546165455,3.1396915316581833,4.854450478553739
279,diffusion_model.input_blocks.8.1.transformer_blocks.0.attn2.to_out.0,Linear,0.005052175,0.29475737,-5.7446938,4.1253405,-0.8523697346448899,-0.6887235450744629,-0.47051133811473844,0.4908389911055564,0.7066278672218322,0.8681754910945886,1.0205634015798561
284,diffusion_model.input_blocks.8.1.proj_out,Linear,-0.02169526,1.7735401,-11.825396,12.288706,-4.181763620376587,-3.672089123725891,-2.9194247364997863,2.889471614360808,3.658335728645324,4.198215775489807,4.716978211402887
287,diffusion_model.input_blocks.9.0.op,Conv2d,-0.4017797,3.9676359,-29.907053,46.773228,-10.718469190597533,-8.934879398345947,-6.681334280967712,5.737769222259521,7.818324813842771,9.626408777236938,11.866122965812588
293,diffusion_model.input_blocks.10.0.in_layers.2,Conv2d,0.22487836,0.9310825,-7.207394,6.8112535,-2.3915852189064024,-1.9785071730613708,-1.4077532410621643,1.6059880733489988,2.040993285179138,2.388062255382538,2.7668957376480074
297,diffusion_model.input_blocks.10.0.emb_layers.1,Linear,0.31999928,0.3847829,-2.6397119,2.4400465,-0.9089745879173279,-0.6183899641036987,-0.3589874133467673,0.8010265409946417,0.8958181142807007,0.9543885588645935,1.1069175004959106
302,diffusion_model.input_blocks.10.0.out_layers.3,Conv2d,0.023448864,2.0402544,-27.621374,12.477815,-5.332997050285339,-4.294041566848755,-3.1167227625846863,3.235108423233032,4.306151046752929,5.1421995544433585,5.976440217494958
309,diffusion_model.input_blocks.11.0.in_layers.2,Conv2d,-0.06590888,0.6708509,-5.7628183,5.735628,-2.1752078866958615,-1.79408597946167,-1.2754979133605957,0.876598796248436,1.1571639895439148,1.375989135503769,1.6013726091384883
313,diffusion_model.input_blocks.11.0.emb_layers.1,Linear,0.32341278,0.3455366,-3.1669993,1.5235367,-0.9616497755050659,-0.595984697341919,-0.2951988577842709,0.7600284695625267,0.8830733299255371,0.9690739512443542,1.0946533679962158
318,diffusion_model.input_blocks.11.0.out_layers.3,Conv2d,0.05028323,1.2691368,-15.433606,14.232271,-3.3608542537689208,-2.677510471343994,-1.9408007323741914,1.997060817480087,2.5886343145370483,3.0682271862030026,3.564758543968184
325,diffusion_model.middle_block.0.in_layers.2,Conv2d,0.013047561,0.53959876,-5.016942,4.1445284,-1.8360197138786316,-1.52953355550766,-1.0503195583820342,0.6795692175626754,0.9271840286254882,1.1522811102867125,1.408159433007224
329,diffusion_model.middle_block.0.emb_layers.1,Linear,0.35631034,0.3791047,-1.7075925,1.1037186,-0.970164954662323,-0.7605634927749634,-0.41004746109247203,0.7932160615921017,0.8893055319786072,0.95196932554245,1.0292835235595703
334,diffusion_model.middle_block.0.out_layers.3,Conv2d,-0.041010145,1.4309974,-13.883756,8.584743,-4.611105284690857,-3.435417509078979,-2.3106618165969848,2.040383231639862,2.6585286188125608,3.1154157853126527,3.545059779882425
338,diffusion_model.middle_block.1.proj_in,Linear,-0.00040473082,0.6263437,-8.749238,6.8389935,-1.3420144784450527,-1.0753870820999145,-0.8066203594207764,0.8046936601400375,1.0675519633293151,1.3285639464855192,1.8028413963317749
342,diffusion_model.middle_block.1.transformer_blocks.0.attn1.to_q,Linear,0.013221961,0.40727302,-2.0732913,2.2045028,-0.9409027487039566,-0.8273807406425476,-0.6532074034214019,0.6749773532152171,0.8515430188179015,0.9699001383781433,1.087401310205456
343,diffusion_model.middle_block.1.transformer_blocks.0.attn1.to_k,Linear,-0.006403212,0.42143723,-2.7624457,2.553937,-1.0696763515472412,-0.9150217080116272,-0.7011194229125977,0.6794325262308121,0.8899734389781951,1.0431560134887694,1.1917852234840376
344,diffusion_model.middle_block.1.transformer_blocks.0.attn1.to_v,Linear,-0.0009654549,0.43050158,-3.2008789,2.643153,-1.053227472305298,-0.9071737682819365,-0.7024558186531067,0.7060209333896637,0.9105169796943658,1.054870923757553,1.1920476138591745
346,diffusion_model.middle_block.1.transformer_blocks.0.attn1.to_out.0,Linear,0.004588938,0.3967026,-1.6688327,1.5049688,-0.962219780087471,-0.8476130664348602,-0.6679204791784287,0.6412777066230774,0.8046475493907927,0.9401223117113113,1.046123816967009
351,diffusion_model.middle_block.1.transformer_blocks.0.ff.net.0.proj,Linear,-0.012976509,0.34243554,-5.1797333,5.463457,-1.613393280506134,-0.9993868601322172,-0.19240276142954826,0.1998630061745643,0.5606860005855533,0.9680001240968734,1.368383810520176
353,diffusion_model.middle_block.1.transformer_blocks.0.ff.net.2,Linear,-0.008771792,0.4354369,-4.235963,5.0618815,-1.0428240144252776,-0.8667754995822906,-0.659489244222641,0.6406134128570555,0.8351865732669829,0.9937533062696456,1.2240072906017265
355,diffusion_model.middle_block.1.transformer_blocks.0.attn2.to_q,Linear,0.027793577,0.8884211,-4.841701,3.6425483,-1.9941052281856537,-1.7504889488220214,-1.4076991736888886,1.4773347198963163,1.8595476841926575,2.108034634590149,2.3262655699253063
356,diffusion_model.middle_block.1.transformer_blocks.0.attn2.to_k,Linear,-0.03922411,2.3905714,-14.228017,10.04645,-6.135451316833496,-5.290239696502685,-4.114763498306274,3.773649692535399,4.853132581710803,5.729658126831055,6.7287702560424805
357,diffusion_model.middle_block.1.transformer_blocks.0.attn2.to_v,Linear,-0.0012882358,1.4681103,-8.501348,8.402922,-3.6503325366973876,-3.1282342290878296,-2.339824903011322,2.34635066986084,3.1094099044799735,3.9618813705444405,4.994872856140114
359,diffusion_model.middle_block.1.transformer_blocks.0.attn2.to_out.0,Linear,0.008161609,0.4038914,-2.7293234,2.3453126,-1.0489271664619446,-0.8566719901561737,-0.6439992159605026,0.6702389806509015,0.8849515867233275,1.0356350350379941,1.1833207607269287
364,diffusion_model.middle_block.1.proj_out,Linear,0.0053679287,1.4065576,-15.485989,18.856552,-3.520595073699951,-2.9339223909378047,-2.2156498789787293,2.2382089734077453,2.9182031869888303,3.4658585739135743,4.03735261201856
369,diffusion_model.middle_block.2.in_layers.2,Conv2d,0.07882515,0.57201993,-4.7938614,4.470052,-1.891684205532074,-1.5262054634094238,-0.9966673672199249,0.8231883406639099,1.1383296489715575,1.4171662998199464,1.7218854522704978
373,diffusion_model.middle_block.2.emb_layers.1,Linear,0.2205473,0.2620208,-1.535013,1.0827627,-0.6671056151390076,-0.5524047613143921,-0.276093690097332,0.545573940873144,0.6545957922935486,0.7065900564193726,0.730980634689331
378,diffusion_model.middle_block.2.out_layers.3,Conv2d,0.07043379,1.5928367,-11.134371,16.240896,-2.8815671753883363,-2.4628059339523314,-1.881259548664093,2.456217491626739,4.599242668151854,6.664122977256775,8.625897874832146
386,diffusion_model.output_blocks.0.0.in_layers.2,Conv2d,-0.012478345,0.6644834,-5.7232366,9.825657,-2.182614846229553,-1.7887576603889466,-1.2326809406280517,0.8525360763072966,1.2049582147598266,1.5144403111934661,1.872497309446329
390,diffusion_model.output_blocks.0.0.emb_layers.1,Linear,0.26052964,0.36592287,-2.1041493,1.197341,-1.2096987962722778,-0.6131848692893982,-0.3834073260426518,0.7456217408180221,0.8545690774917603,0.941445529460907,0.9905092716217041
395,diffusion_model.output_blocks.0.0.out_layers.3,Conv2d,-0.16858664,1.8495332,-26.721304,43.44245,-6.696219387054443,-5.231779432296753,-3.2431397080421447,1.9829468369483942,3.196590156555175,4.296459050178528,5.545860962867709
396,diffusion_model.output_blocks.0.0.skip_connection,Conv2d,-0.056455318,2.1630971,-27.442352,29.329714,-6.384025521278381,-4.897042999267578,-3.2281270027160645,3.251504588127136,4.839770584106445,6.064168095588683,7.456983835697161
402,diffusion_model.output_blocks.1.0.in_layers.2,Conv2d,-0.11295063,1.1112536,-8.346211,11.186614,-3.395566101074219,-2.8626394844055176,-2.1262261390686032,1.4142933726310727,1.921510901451111,2.356548292636871,2.853421792984003
406,diffusion_model.output_blocks.1.0.emb_layers.1,Linear,0.26905277,0.37368062,-2.600692,1.4711448,-0.8693796396255493,-0.5937732458114624,-0.28623953014612163,0.8129624992609009,0.9060709476470947,0.997002124786377,1.0874725580215454
411,diffusion_model.output_blocks.1.0.out_layers.3,Conv2d,-0.16400363,1.9760967,-23.478518,40.65309,-6.013706889152527,-4.7050943851470945,-3.0503530502319336,2.445736575126647,4.191951904296874,5.88652862548828,8.023084411621065
412,diffusion_model.output_blocks.1.0.skip_connection,Conv2d,-0.014968735,1.5701246,-17.943422,19.187822,-4.724085488319397,-3.748642749786377,-2.5519680619239806,2.292824220657349,3.1861565685272217,3.9059821152687073,4.690783450603458
418,diffusion_model.output_blocks.2.0.in_layers.2,Conv2d,-0.09858927,2.2741034,-17.623537,13.054404,-6.906570477485657,-5.636093473434448,-4.016888380050659,3.199152767658233,4.506213788986206,5.513397402763367,6.587170505523673
422,diffusion_model.output_blocks.2.0.emb_layers.1,Linear,0.12711057,0.454867,-3.4452085,2.103559,-1.066515326499939,-0.8220328688621521,-0.5563523352146148,0.8390665560960681,1.067058801651001,1.276788353919983,1.4341832399368286
427,diffusion_model.output_blocks.2.0.out_layers.3,Conv2d,0.01826084,0.7148392,-14.580295,17.389887,-1.9007099080085754,-1.2730703616142274,-0.7594428867101669,0.8040277391672134,1.4328273105621336,2.1967600202560424,3.1878681981563517
428,diffusion_model.output_blocks.2.0.skip_connection,Conv2d,-0.0057762554,0.8877008,-6.9981036,6.9733458,-2.2092730379104615,-1.8697495198249816,-1.441016000509262,1.4169779062271113,1.8143843555450436,2.100249125957489,2.39627524971961
430,diffusion_model.output_blocks.2.1.conv,Conv2d,-0.09171079,1.4928155,-19.144613,40.37106,-5.1002264499664305,-3.555338935852051,-1.8142628610134117,1.4363440752029413,2.032928104400632,2.88281527519226,4.367281463146198
436,diffusion_model.output_blocks.3.0.in_layers.2,Conv2d,-0.33925125,1.9819665,-17.712418,18.122448,-7.528485493659973,-5.7503339958190915,-3.5688035130500793,2.3788730621337875,3.083953261375427,3.597145905494689,4.118537926673888
440,diffusion_model.output_blocks.3.0.emb_layers.1,Linear,0.0012552361,1.0071664,-9.86912,8.55509,-3.5790281295776367,-2.2379238605499268,-1.3038814902305602,1.2948842763900672,2.0060524940490723,3.0952415466308594,3.595457077026367
445,diffusion_model.output_blocks.3.0.out_layers.3,Conv2d,0.00933115,2.473071,-25.351736,22.586718,-6.4210109043121335,-5.208648948669434,-3.8678905367851257,3.7008054733276365,4.717227735519407,5.515664377212521,6.439629447460173
446,diffusion_model.output_blocks.3.0.skip_connection,Conv2d,-0.095325425,2.0122733,-11.423804,15.868794,-4.880021257400513,-4.2594926643371585,-3.3753583073616027,3.201576590538022,4.093915958404541,4.721802635192871,5.315621583461759
449,diffusion_model.output_blocks.3.1.proj_in,Linear,-0.006429902,1.2252989,-29.400076,14.285226,-2.261123909950256,-1.865208547115326,-1.4210087418556212,1.4478555798530575,1.8938960790634152,2.297485256195066,2.9762148189544675
453,diffusion_model.output_blocks.3.1.transformer_blocks.0.attn1.to_q,Linear,0.0120446915,0.9088451,-8.184482,6.3091574,-2.2992437434196473,-1.9447893357276915,-1.4593235671520233,1.5060737252235408,1.993931658267974,2.345908098220824,2.68333426117897
454,diffusion_model.output_blocks.3.1.transformer_blocks.0.attn1.to_k,Linear,0.0005885724,0.9152927,-5.8582773,5.7330227,-2.4182493138313292,-2.029896726608276,-1.4941958665847779,1.4857246160507196,2.012432355880736,2.394591674804687,2.7508445560932158
455,diffusion_model.output_blocks.3.1.transformer_blocks.0.attn1.to_v,Linear,0.0047071404,0.5940103,-3.9908414,4.127589,-1.433340039253235,-1.237197115421295,-0.9653500646352767,0.9776336908340453,1.2501073884963971,1.4398593473434445,1.6259448325634
457,diffusion_model.output_blocks.3.1.transformer_blocks.0.attn1.to_out.0,Linear,0.0066156695,0.67158526,-6.1009216,13.246803,-1.4988401424884796,-1.3055585050582885,-1.0329462349414824,1.036232930421829,1.314277207851409,1.5225860238075242,1.7502902406454077
462,diffusion_model.output_blocks.3.1.transformer_blocks.0.ff.net.0.proj,Linear,-0.16809462,0.7562754,-8.822511,6.9004188,-2.1250078225135804,-1.7987298750877379,-1.3843181252479553,1.0453555583953857,1.4185650157928436,1.6941564142704006,1.9724768555164314
464,diffusion_model.output_blocks.3.1.transformer_blocks.0.ff.net.2,Linear,-0.032279722,1.0985136,-8.626523,16.084352,-2.6191265177726746,-2.243440418243408,-1.7540059685707092,1.6863538980484,2.1631851291656483,2.517166571617125,2.879931582212447
466,diffusion_model.output_blocks.3.1.transformer_blocks.0.attn2.to_q,Linear,0.007998369,0.7627158,-4.999076,5.717903,-2.027286326885223,-1.4794032263755799,-1.0768528878688812,1.0915438950061787,1.5291493105888365,2.148270277976984,3.240024597644804
467,diffusion_model.output_blocks.3.1.transformer_blocks.0.attn2.to_k,Linear,-0.070248246,2.3523812,-16.091862,17.54449,-6.394618740081786,-4.408640871047973,-3.1672891497612,3.1166766881942722,4.341533670425415,5.920915603637695,8.921093850135774
468,diffusion_model.output_blocks.3.1.transformer_blocks.0.attn2.to_v,Linear,-0.02993896,1.1319958,-7.477529,8.748812,-3.205838441848755,-2.481391191482544,-1.7473925948143005,1.6276642084121704,2.2509832477569542,2.7761671638488834,3.5847191154956763
470,diffusion_model.output_blocks.3.1.transformer_blocks.0.attn2.to_out.0,Linear,-0.011364419,0.44716108,-5.0380917,3.1084661,-1.1319014346599579,-0.9548490309715271,-0.7226528346538543,0.7041651546955091,0.9082603323459623,1.0601738870143889,1.2204108315706252
475,diffusion_model.output_blocks.3.1.proj_out,Linear,0.05504719,3.3280692,-29.263464,31.138466,-7.668080744743347,-6.6859654045104975,-5.281457924842834,5.485584330558774,7.062085075378418,8.25412784576416,9.53940128803253
481,diffusion_model.output_blocks.4.0.in_layers.2,Conv2d,0.45904002,1.5706064,-20.992472,17.389662,-3.9270393443107605,-3.0714199924468994,-2.0802747011184692,2.8214868664741513,3.4787736654281587,3.976858336925506,4.491596136093137
485,diffusion_model.output_blocks.4.0.emb_layers.1,Linear,0.07930159,0.65245664,-4.5576563,4.9038253,-1.9115593433380127,-1.3575420379638672,-0.9346868067979809,0.9748770982027002,1.272073745727539,1.507813572883606,1.9569425582885742
490,diffusion_model.output_blocks.4.0.out_layers.3,Conv2d,-0.09771755,2.1162026,-23.239101,21.245707,-5.2400534009933475,-4.508779573440552,-3.5352259278297424,3.3146046757698056,4.247136678695674,4.936954293251038,5.645540938377378
491,diffusion_model.output_blocks.4.0.skip_connection,Conv2d,-0.049235083,2.9058702,-21.652113,20.272007,-7.058723697662353,-6.040036220550537,-4.710798192024231,4.634056138992306,5.994487123489377,7.01597000598907,8.122677116394037
494,diffusion_model.output_blocks.4.1.proj_in,Linear,-0.036959715,1.3744755,-39.41487,38.4552,-2.5778331995010375,-2.1145941829681396,-1.6196202754974365,1.5797078609466553,2.043172345161438,2.4142515563964837,2.892034355401989
498,diffusion_model.output_blocks.4.1.transformer_blocks.0.attn1.to_q,Linear,-0.020347595,0.82606417,-4.985078,5.2167025,-1.9997829866409302,-1.747375922203064,-1.3769972443580627,1.3249997198581691,1.6977101373672476,1.9655479860305785,2.2232291758060456
499,diffusion_model.output_blocks.4.1.transformer_blocks.0.attn1.to_k,Linear,0.019903105,0.8545296,-5.6140423,5.4096212,-2.018683271408081,-1.745386528968811,-1.3609945893287658,1.4250394582748402,1.8371928524970984,2.1352450585365297,2.427248103618621
500,diffusion_model.output_blocks.4.1.transformer_blocks.0.attn1.to_v,Linear,0.0010120408,0.5670433,-3.717474,3.8636632,-1.3394775927066802,-1.1732721042633056,-0.9277454793453217,0.9334286242723462,1.1782526445388788,1.3453666269779205,1.5054343169927593
502,diffusion_model.output_blocks.4.1.transformer_blocks.0.attn1.to_out.0,Linear,-0.006967484,0.6578595,-10.04755,15.13372,-1.4943196773529053,-1.3096080827713013,-1.043253481388092,1.0294561088085161,1.3270653605461116,1.5717313241958615,1.8418571972846982
507,diffusion_model.output_blocks.4.1.transformer_blocks.0.ff.net.0.proj,Linear,-0.33444652,0.8657546,-21.509974,18.50711,-2.7232175350189207,-2.330245599746704,-1.793928724527359,0.9813712298870085,1.3711604666709896,1.6704587924480396,1.9849963539838784
509,diffusion_model.output_blocks.4.1.transformer_blocks.0.ff.net.2,Linear,0.03800062,1.1398152,-28.296053,26.631577,-2.128360164165497,-1.7789647746086121,-1.3607869803905488,1.4269761025905607,1.8711883139610286,2.2565119075775124,2.7971814310550687
511,diffusion_model.output_blocks.4.1.transformer_blocks.0.attn2.to_q,Linear,0.0012148105,0.71789825,-5.569114,5.511723,-1.8475449109077453,-1.2959107279777526,-0.9434482306241989,0.9567839980125425,1.2996219515800476,1.8250389707088468,3.1411146700382226
512,diffusion_model.output_blocks.4.1.transformer_blocks.0.attn2.to_k,Linear,-0.022355122,2.5767758,-17.018562,15.1693,-7.571950912475586,-5.387478466033936,-3.770126104354858,3.696191310882562,5.109232425689697,6.700079441070557,10.822502517699952
513,diffusion_model.output_blocks.4.1.transformer_blocks.0.attn2.to_v,Linear,-0.020206636,1.5273439,-10.899056,8.246441,-4.22745123386383,-3.4980521202087402,-2.497419571876526,2.3662338137626513,3.2154417037963867,3.8153796195983887,4.472926843166349
515,diffusion_model.output_blocks.4.1.transformer_blocks.0.attn2.to_out.0,Linear,-0.0032475295,0.37335378,-8.087916,3.9095142,-1.1131801164150237,-0.8772113347053527,-0.5853157818317413,0.5808890819549553,0.8625986540317533,1.0781505537033076,1.3010513311624523
520,diffusion_model.output_blocks.4.1.proj_out,Linear,0.1779709,3.131957,-81.55792,73.42133,-7.12041962146759,-6.110818948745727,-4.737094283103943,5.1122215509414595,6.479092454910277,7.467256608009334,8.484025144577021
526,diffusion_model.output_blocks.5.0.in_layers.2,Conv2d,-0.15012956,7.7047086,-269.79572,103.80223,-8.764955606460571,-4.134713277816773,-2.2739375710487364,2.7652224540710426,3.541153917312621,4.166680188179015,4.877670967578887
530,diffusion_model.output_blocks.5.0.emb_layers.1,Linear,0.020951906,0.64826685,-4.540803,4.511099,-2.021003246307373,-1.6029554605484009,-1.0630625665187834,0.9137472748756359,1.2798490524291992,1.7278467416763306,1.9611258506774902
535,diffusion_model.output_blocks.5.0.out_layers.3,Conv2d,-0.03558681,1.7156755,-40.079998,45.625454,-3.7876509404182435,-3.2353350782394408,-2.5146652936935423,2.4522157430648783,3.246056089401245,3.9293145275115933,4.75996711730957
536,diffusion_model.output_blocks.5.0.skip_connection,Conv2d,-0.0050817006,2.394527,-77.687416,88.45372,-5.030403218269348,-4.272960739135742,-3.3082826733589172,3.2980369091033896,4.294542951583861,5.091546592712399,6.066100363731374
539,diffusion_model.output_blocks.5.1.proj_in,Linear,-0.018981975,1.6823722,-37.182056,633.108,-1.9657891404628753,-1.6901254439353943,-1.3310631215572357,1.2481265127658845,1.6272502350807183,1.9346418011188455,2.353733267784117
543,diffusion_model.output_blocks.5.1.transformer_blocks.0.attn1.to_q,Linear,-0.00033259412,0.7784258,-4.3810463,4.021894,-1.8420995354652405,-1.6084463763236998,-1.2706405103206635,1.287761622667312,1.6206994414329527,1.8444942653179166,2.0525669705867764
544,diffusion_model.output_blocks.5.1.transformer_blocks.0.attn1.to_k,Linear,0.012908009,0.785818,-5.055503,5.9705105,-1.8386997890472412,-1.6088697361946105,-1.2691403090953826,1.3062408685684201,1.6586928582191456,1.899239113330841,2.1292817866802203
545,diffusion_model.output_blocks.5.1.transformer_blocks.0.attn1.to_v,Linear,0.0036027879,0.47119105,-3.42278,4.0818367,-1.1468968832492827,-0.9886808753013611,-0.7681658536195755,0.7689954102039337,0.9784577071666715,1.1262157046794887,1.267676311135292
547,diffusion_model.output_blocks.5.1.transformer_blocks.0.attn1.to_out.0,Linear,-6.6471286e-05,0.50447214,-18.110285,14.0019245,-1.0865771508216857,-0.9463221931457519,-0.7417646408081053,0.7468787580728526,0.9583488118648528,1.1085984539985645,1.2704007726907718
552,diffusion_model.output_blocks.5.1.transformer_blocks.0.ff.net.0.proj,Linear,-0.20159121,0.5527077,-16.979925,8.503539,-1.7257052314281462,-1.471484091281891,-1.1314158499240876,0.6466831088066098,0.899086666107177,1.0967671668529508,1.3069264137744891
554,diffusion_model.output_blocks.5.1.transformer_blocks.0.ff.net.2,Linear,0.024267782,1.0420895,-39.08872,12.28154,-1.183070968389511,-0.9938072419166565,-0.7511961847543717,0.855703669786453,1.0898276615142821,1.2702120423316952,1.4622436469793318
556,diffusion_model.output_blocks.5.1.transformer_blocks.0.attn2.to_q,Linear,-0.0026633872,0.67137724,-5.5113635,5.9268007,-2.090037739276886,-1.1570414662361146,-0.8091852962970734,0.8123675376176831,1.1138550186157214,1.6600093507766718,3.0896898984909034
557,diffusion_model.output_blocks.5.1.transformer_blocks.0.attn2.to_k,Linear,-0.012173154,2.281033,-14.497362,13.265361,-5.61714343547821,-4.590204439163208,-3.361030840873718,3.5501282930374027,4.838229179382324,6.324986748695387,7.693052124977097
558,diffusion_model.output_blocks.5.1.transformer_blocks.0.attn2.to_v,Linear,0.00871441,1.4478992,-11.874507,12.794655,-3.514862017631531,-2.975930166244507,-2.210124385356903,2.1736865043640137,3.14945912361145,4.013596086502085,5.233689308166504
560,diffusion_model.output_blocks.5.1.transformer_blocks.0.attn2.to_out.0,Linear,0.0012933736,0.5032031,-1.8751358,19.684422,-0.5902384042739868,-0.5038528609275817,-0.4018653482198715,0.38290970772504795,0.486571215391159,0.5625952607393263,0.6308407497406001
565,diffusion_model.output_blocks.5.1.proj_out,Linear,0.058172777,2.7717075,-126.6404,92.256714,-5.220195474624633,-4.46035662651062,-3.467495512962341,3.598554456233976,4.577386541366576,5.3176549577713015,6.135205264091487
567,diffusion_model.output_blocks.5.2.conv,Conv2d,0.3281681,6.999186,-667.8918,344.89578,-14.667624559402466,-11.203603801727294,-7.833777117729187,8.572901964187622,11.960977783203125,15.14242168426513,19.06206902503972
573,diffusion_model.output_blocks.6.0.in_layers.2,Conv2d,0.6960679,2.5736809,-117.21522,341.31326,-4.088624572753906,-2.9525876426696773,-1.8339616775512695,3.418960905075073,5.1552448749542235,6.4384492206573505,7.548832993507391
577,diffusion_model.output_blocks.6.0.emb_layers.1,Linear,-0.023382278,0.85204834,-5.109696,6.3015594,-1.8912911415100098,-1.6799910068511963,-1.341976237297058,1.242959052324292,1.6135423183441162,2.010002613067627,2.279181957244873
582,diffusion_model.output_blocks.6.0.out_layers.3,Conv2d,-0.12655216,4.117139,-253.38022,337.28232,-5.885238981246948,-4.705018892288208,-3.552461016178131,3.1324055671691893,3.9676898002624488,4.601286091804505,5.3844697356224165
583,diffusion_model.output_blocks.6.0.skip_connection,Conv2d,-0.02315471,2.9738932,-48.505623,47.22602,-7.021816382408142,-5.933170976638794,-4.564148187637329,4.58841233253479,6.128039693832394,7.501270289421084,9.339378471374516
586,diffusion_model.output_blocks.6.1.proj_in,Linear,-0.08082878,2.236817,-216.42148,870.62354,-2.6090567088127137,-2.1011999320983885,-1.595606690645218,1.3208099901676178,2.0026966714859005,3.3951865172386375,8.381662225723364
590,diffusion_model.output_blocks.6.1.transformer_blocks.0.attn1.to_q,Linear,0.020916693,0.90236634,-5.9734683,5.297943,-2.159552571773529,-1.8776226258277893,-1.4606812059879304,1.5092521429061874,1.9169023180007922,2.196747148036958,2.4651499056816126
591,diffusion_model.output_blocks.6.1.transformer_blocks.0.attn1.to_k,Linear,-0.0020408048,1.0814339,-7.580619,6.520415,-2.658606905937195,-2.287041411399841,-1.771607404947281,1.767985546588897,2.2472896623611405,2.588875517845155,2.9147473907470705
592,diffusion_model.output_blocks.6.1.transformer_blocks.0.attn1.to_v,Linear,-0.0035024458,0.6273731,-6.537951,6.4320855,-1.54212144613266,-1.3193728423118591,-1.020107215642929,1.0150977969169606,1.3074489521980284,1.51910462498665,1.722762977480891
594,diffusion_model.output_blocks.6.1.transformer_blocks.0.attn1.to_out.0,Linear,0.060178827,0.65202606,-7.17161,26.477955,-1.3423484301567077,-1.1030292582511902,-0.8319527864456177,0.9448648273944854,1.2726727104187008,1.7434978544712068,2.559019923210146
599,diffusion_model.output_blocks.6.1.transformer_blocks.0.ff.net.0.proj,Linear,-0.10846663,0.62601125,-23.629988,14.869822,-1.867640450000763,-1.5431576704978944,-1.134017950296402,0.8692825466394423,1.2030817389488209,1.4506306207180026,1.707301525473595
601,diffusion_model.output_blocks.6.1.transformer_blocks.0.ff.net.2,Linear,0.008535792,1.1112335,-120.885445,75.92086,-1.5509964263439178,-1.2671092438697815,-0.9598438173532486,0.9923830300569525,1.2420749473571775,1.419165574312212,1.5927818155288698
603,diffusion_model.output_blocks.6.1.transformer_blocks.0.attn2.to_q,Linear,0.03255196,0.7053999,-4.7189393,5.5352783,-1.6929620254039763,-1.1044071054458617,-0.7814846009016037,0.8691946506500234,1.5497046542167658,3.513814539909374,3.9474941277503968
604,diffusion_model.output_blocks.6.1.transformer_blocks.0.attn2.to_k,Linear,-0.09343993,2.627228,-14.180484,13.486801,-8.920122575759887,-6.897110643386841,-3.9929247379302977,3.683054780960082,5.158006191253662,6.860398221015939,9.067891235351546
605,diffusion_model.output_blocks.6.1.transformer_blocks.0.attn2.to_v,Linear,0.026673723,1.7649211,-12.080141,14.269036,-5.324980735778809,-3.739384651184082,-2.4722376108169555,2.6186789393424976,3.9435706710815395,5.369474081993118,7.3414659094810375
607,diffusion_model.output_blocks.6.1.transformer_blocks.0.attn2.to_out.0,Linear,0.010398631,0.47524646,-2.2036026,7.7561374,-0.9704419296979904,-0.8329668128490447,-0.5358749091625213,0.5377651214599606,0.7789437782764433,1.089206337928772,2.406920986175539
612,diffusion_model.output_blocks.6.1.proj_out,Linear,0.3136491,5.385547,-670.94586,310.42654,-6.571091508865356,-5.726422710418701,-4.525772929191589,5.33781280517578,6.807229852676389,7.975241899490374,9.314994940757776
618,diffusion_model.output_blocks.7.0.in_layers.2,Conv2d,0.17858237,0.6967007,-68.70528,39.095963,-1.3352984952926636,-1.0284534764289857,-0.5857575178146363,0.937167066335678,1.2621839809417714,1.4916906750202181,1.6945176941156392
622,diffusion_model.output_blocks.7.0.emb_layers.1,Linear,0.029618733,0.43278655,-2.0621576,1.691961,-1.3690242767333984,-1.2279350757598877,-0.8417505443096159,0.5701833993196427,0.8523615002632141,1.041556477546692,1.129873275756836
627,diffusion_model.output_blocks.7.0.out_layers.3,Conv2d,-0.04169713,1.1905229,-50.377876,41.990288,-2.85114453792572,-2.43710268497467,-1.8868403792381285,1.7766267955303174,2.269240574836731,2.6148752093315144,2.952494668960572
628,diffusion_model.output_blocks.7.0.skip_connection,Conv2d,-0.068192884,2.207531,-219.20753,151.50996,-3.7183646512031556,-3.178250970840454,-2.4771931290626528,2.4180205941200237,3.2161661577224723,3.865503194332123,4.602504117488862
631,diffusion_model.output_blocks.7.1.proj_in,Linear,-0.00081442005,1.2585373,-130.73819,341.6554,-1.510259345769882,-1.1820939135551454,-0.8835700154304504,0.8679991304874418,1.210043597221373,1.6233489954471598,2.5695583450794257
635,diffusion_model.output_blocks.7.1.transformer_blocks.0.attn1.to_q,Linear,-0.021908354,0.86117756,-5.10778,5.575505,-2.205701172351837,-1.8934832835197448,-1.4455447614192962,1.3856260716915125,1.8714408183097833,2.2263282322883606,2.572627887725833
636,diffusion_model.output_blocks.7.1.transformer_blocks.0.attn1.to_k,Linear,0.027726527,1.0590324,-7.3915534,7.481353,-2.6075727486610414,-2.247024803161621,-1.721751880645752,1.7831917762756322,2.3001821613311755,2.6663481664657613,3.0111159288883216
637,diffusion_model.output_blocks.7.1.transformer_blocks.0.attn1.to_v,Linear,-0.005653197,0.6870601,-4.8521338,5.2103133,-1.77009162068367,-1.502940366268158,-1.131300449371338,1.108599692583084,1.4711524510383602,1.7367154479026796,1.994811610579491
639,diffusion_model.output_blocks.7.1.transformer_blocks.0.attn1.to_out.0,Linear,0.01580576,0.42317447,-2.7004204,6.2441006,-0.9149327969551087,-0.7866457056999206,-0.6221201002597809,0.676655653119087,0.8946741676330565,1.0863905131816867,1.3873777931928675
644,diffusion_model.output_blocks.7.1.transformer_blocks.0.ff.net.0.proj,Linear,-0.07768283,0.5617795,-4.925664,5.8984394,-1.60029740691185,-1.3444364190101623,-0.9898724675178527,0.8116890788078308,1.1302360534667946,1.3850165593624135,1.6510769838094732
646,diffusion_model.output_blocks.7.1.transformer_blocks.0.ff.net.2,Linear,0.0008443765,0.5978937,-11.565016,9.556053,-1.1972097098827361,-0.9751800680160523,-0.7376241743564605,0.7568624168634415,0.951902067661285,1.0958251094818117,1.2524277484416966
648,diffusion_model.output_blocks.7.1.transformer_blocks.0.attn2.to_q,Linear,-0.020389507,0.6532587,-4.5308886,4.146721,-2.1995225882530214,-1.2583057904243469,-0.8712141096591949,0.8058356732130036,1.088285624980926,1.9693451035022744,2.75625952482224
649,diffusion_model.output_blocks.7.1.transformer_blocks.0.attn2.to_k,Linear,-0.036114592,2.4753075,-14.955632,14.318415,-6.383834733963012,-4.943240470886231,-3.493758201599121,3.583128035068511,5.629061698913574,8.669925594329875,10.722841262817383
650,diffusion_model.output_blocks.7.1.transformer_blocks.0.attn2.to_v,Linear,0.0068629733,1.260749,-12.386367,10.922293,-3.5945970511436465,-2.4716850090026856,-1.5293408751487731,1.647088211774824,2.884774684906006,4.243718848228456,5.603049569129928
652,diffusion_model.output_blocks.7.1.transformer_blocks.0.attn2.to_out.0,Linear,0.000727053,0.079806514,-0.46001673,2.1746798,-0.135381633490324,-0.11592463940382003,-0.0919026430696249,0.08885059952735899,0.11702539443969706,0.14093160077929506,0.19310894072055862
657,diffusion_model.output_blocks.7.1.proj_out,Linear,0.12565349,2.2633002,-162.10828,161.7561,-3.592398097515106,-3.109319596290588,-2.4213744521141054,2.705227696895599,3.4494556093215922,4.003824563026436,4.5946077799797065
663,diffusion_model.output_blocks.8.0.in_layers.2,Conv2d,0.0934612,0.52603626,-45.451797,8.779265,-0.9140237075090408,-0.7064566564559936,-0.46052669286727904,0.6418652594089506,0.8475636804103844,1.0163571524620076,1.1944342982769025
667,diffusion_model.output_blocks.8.0.emb_layers.1,Linear,0.052634694,0.36186746,-2.356612,1.09676,-1.3831865787506104,-1.0686978101730347,-0.5866946041584012,0.47655763328075323,0.6356928944587708,0.8149783611297607,0.9264787435531616
672,diffusion_model.output_blocks.8.0.out_layers.3,Conv2d,0.005665648,0.72986287,-17.673227,20.205772,-1.7209969198703765,-1.473221378326416,-1.1450064301490783,1.1374057590961457,1.4959687590599045,1.7761354124546078,2.049773132801058
673,diffusion_model.output_blocks.8.0.skip_connection,Conv2d,0.039282527,1.37571,-119.72419,103.82028,-2.0476017451286315,-1.7391736841201781,-1.3395742297172546,1.4324711143970488,1.8394788360595697,2.1537589097023053,2.502304624319082
676,diffusion_model.output_blocks.8.1.proj_in,Linear,0.01230777,1.0441153,-133.2322,210.78941,-1.192414221763611,-0.9329647088050842,-0.6837711334228516,0.6623665958642959,0.8957246124744404,1.1353608441352874,1.6147720950841966
680,diffusion_model.output_blocks.8.1.transformer_blocks.0.attn1.to_q,Linear,-0.0051648887,0.6622695,-3.6869953,4.33246,-1.6203841531276704,-1.409917001724243,-1.101251518726349,1.0794618308544157,1.3786343884468077,1.5875252783298497,1.7840801912546171
681,diffusion_model.output_blocks.8.1.transformer_blocks.0.attn1.to_k,Linear,0.007404954,0.82708144,-6.6347885,7.1619854,-1.9606620621681212,-1.7036856865882875,-1.336881798505783,1.3547602951526643,1.7504279923439008,2.04443233728409,2.3328080272674576
682,diffusion_model.output_blocks.8.1.transformer_blocks.0.attn1.to_v,Linear,-0.0130590955,0.4285446,-3.9350252,4.329675,-1.1661412775516509,-0.9674277138710021,-0.7103037893772125,0.6737158477306363,0.9101932084560381,1.0877462255954744,1.26516526579857
684,diffusion_model.output_blocks.8.1.transformer_blocks.0.attn1.to_out.0,Linear,0.013696289,0.32484427,-2.3899155,4.4931393,-0.7542014193534851,-0.618915638923645,-0.4732654333114624,0.5093103885650634,0.6363188850879669,0.7258555114269263,0.853574824333192
689,diffusion_model.output_blocks.8.1.transformer_blocks.0.ff.net.0.proj,Linear,-0.08953606,0.4183852,-5.0276523,3.5326798,-1.338617386817932,-1.0619630241394042,-0.7588535726070403,0.5292146563529947,0.7390691447257991,0.9096707952022554,1.0890854245424282
691,diffusion_model.output_blocks.8.1.transformer_blocks.0.ff.net.2,Linear,-0.008127941,0.4929197,-10.648674,8.628155,-0.5799462509155273,-0.47337389051914214,-0.36660816669464114,0.3622986912727355,0.4551548027992247,0.5210159087181099,0.592191149592401
693,diffusion_model.output_blocks.8.1.transformer_blocks.0.attn2.to_q,Linear,-0.01158712,0.57475907,-3.3713593,4.420741,-2.2244338274002073,-1.332818214893341,-0.8307216018438339,0.7677435457706449,1.0379488253593445,1.3239180755615276,2.3390963852405595
694,diffusion_model.output_blocks.8.1.transformer_blocks.0.attn2.to_k,Linear,0.15894791,2.6208632,-15.778933,24.210592,-5.971039295196533,-4.743954782485962,-3.4019368529319762,3.9317411422729465,6.483699331283568,9.50894832611084,11.220457453727718
695,diffusion_model.output_blocks.8.1.transformer_blocks.0.attn2.to_v,Linear,0.06689038,1.0107195,-8.636498,12.521,-2.479133121967316,-1.8973848819732666,-1.239408618211746,1.4818015098571777,2.5361664819717373,3.602293033599907,4.915993690490723
697,diffusion_model.output_blocks.8.1.transformer_blocks.0.attn2.to_out.0,Linear,0.0039009636,0.25748846,-3.729964,6.187104,-0.3042253366112709,-0.251116486787796,-0.1872392438352108,0.19997549653053276,0.25938025712966917,0.3137952792644505,0.3797722843289383
702,diffusion_model.output_blocks.8.1.proj_out,Linear,-0.026446253,1.5538677,-108.14629,128.04271,-2.3817655849456787,-2.070940766334534,-1.629960161447525,1.5742818653583521,2.0362318658828715,2.392198281288147,2.803067561388016
704,diffusion_model.output_blocks.8.2.conv,Conv2d,0.059266735,3.093394,-474.4931,48.350777,-4.076017894744873,-3.116662917137146,-2.14790016412735,2.287476551532745,3.136970834732054,3.9231171774864073,4.871641998291011
710,diffusion_model.output_blocks.9.0.in_layers.2,Conv2d,0.16304895,0.76463836,-7.272919,36.141376,-1.8849800097942353,-1.5302062106132508,-1.0619607150554657,1.4648001849651333,1.8339802145957949,2.078628656864163,2.31884146213532
714,diffusion_model.output_blocks.9.0.emb_layers.1,Linear,-0.0148947425,0.8457889,-2.8192968,2.842124,-1.7608180046081543,-1.6707851886749268,-1.330192333459854,1.4076123356819108,1.8592532873153687,2.2682597637176514,2.4278769493103027
719,diffusion_model.output_blocks.9.0.out_layers.3,Conv2d,-0.19204928,1.0775284,-7.536054,6.6335526,-3.510127365589142,-2.983358974456787,-2.0364211320877077,1.4375589191913605,1.9304101085662844,2.2489762187004,2.561090964078904
720,diffusion_model.output_blocks.9.0.skip_connection,Conv2d,-0.04404013,0.90100133,-14.080607,14.989102,-2.5460193276405336,-1.9452126431465149,-1.3552693605422974,1.2342295944690704,1.8151634263992311,2.4116194772720276,3.1547364580631276
723,diffusion_model.output_blocks.9.1.proj_in,Linear,0.05126167,0.44829616,-4.723754,5.1623473,-1.4653689920902253,-0.7778372037410736,-0.40632724910974505,0.5052680015563964,0.8540335822105413,1.50018099308013,2.63226406812669
727,diffusion_model.output_blocks.9.1.transformer_blocks.0.attn1.to_q,Linear,0.039073367,1.0376045,-5.308066,5.318952,-2.3668696808815004,-2.087771234512329,-1.6649427831172943,1.753985458612442,2.1829574489593524,2.467324473857879,2.7279870319366495
728,diffusion_model.output_blocks.9.1.transformer_blocks.0.attn1.to_k,Linear,0.042170096,1.2689111,-5.9015517,5.714754,-2.89990442276001,-2.5656424951553345,-2.0450427889823914,2.158853197097778,2.6710241985321046,2.992151944637296,3.2698230290412904
729,diffusion_model.output_blocks.9.1.transformer_blocks.0.attn1.to_v,Linear,-0.011702123,0.5704779,-3.7899072,3.4871728,-1.3783387744426727,-1.2002926611900329,-0.9467575669288635,0.9210254490375517,1.170355010032654,1.3431523203849778,1.5062800961732994
731,diffusion_model.output_blocks.9.1.transformer_blocks.0.attn1.to_out.0,Linear,-0.00027542457,0.38115034,-2.65153,4.2084846,-0.8994135856628418,-0.6170484304428101,-0.3870389640331268,0.463535864651203,0.7593359088897708,1.0828754460811605,1.8096536332368873
736,diffusion_model.output_blocks.9.1.transformer_blocks.0.ff.net.0.proj,Linear,0.06591547,0.4463834,-3.209429,3.900621,-1.0509243130683898,-0.8887377274036408,-0.6610108643770218,0.7815709143877028,1.0414337038993837,1.217845705747603,1.3848721522092813
738,diffusion_model.output_blocks.9.1.transformer_blocks.0.ff.net.2,Linear,-0.009813998,0.2922274,-2.5472548,2.0151935,-0.7059400111436844,-0.6153424155712127,-0.4837369456887245,0.4726391896605491,0.6101093351840974,0.7077457177638998,0.8048197072744384
740,diffusion_model.output_blocks.9.1.transformer_blocks.0.attn2.to_q,Linear,-0.034456924,0.32802466,-1.6155852,1.4595042,-1.1322274100780487,-1.0584027886390686,-0.6604781985282898,0.35667944103479365,0.6987883496284494,1.0635434913635242,1.188821569085122
741,diffusion_model.output_blocks.9.1.transformer_blocks.0.attn2.to_k,Linear,0.04329825,3.288093,-18.923111,17.489143,-10.244759559631348,-7.1530351638793945,-4.929668426513672,5.036988306045527,7.795355319976807,10.055548362731837,12.305496134757993
742,diffusion_model.output_blocks.9.1.transformer_blocks.0.attn2.to_v,Linear,-0.003651745,0.82012415,-6.5162687,9.996253,-3.04043518781662,-2.1011548042297363,-0.9099235534667969,0.8263554573059082,2.092339515686035,3.5253173422813218,4.364691734313965
744,diffusion_model.output_blocks.9.1.transformer_blocks.0.attn2.to_out.0,Linear,-9.882761e-05,0.2231961,-1.3923042,2.7457314,-0.6561611813306808,-0.27842858493328093,-0.19319318979978561,0.19786036089062692,0.2736450964212418,0.4583258682489349,0.7440277460217501
749,diffusion_model.output_blocks.9.1.proj_out,Linear,0.22758336,1.057215,-7.996979,6.722751,-2.2958234190940856,-1.9085924983024596,-1.4067817270755767,2.069953680038452,2.638546400070192,2.998317391872404,3.310064373016358
755,diffusion_model.output_blocks.10.0.in_layers.2,Conv2d,0.09424522,0.55019253,-5.492181,3.7777345,-1.3981915569305419,-1.1460251212120056,-0.7601939737796783,1.0667533874511719,1.4187176513671875,1.6423511111736295,1.9018033242225658
759,diffusion_model.output_blocks.10.0.emb_layers.1,Linear,0.02610917,0.6812001,-2.7715583,1.5657482,-2.1616218090057373,-1.6544880867004395,-1.4316714763641356,0.8017780989408446,1.1849972009658813,1.3108186721801758,1.3658602237701416
764,diffusion_model.output_blocks.10.0.out_layers.3,Conv2d,0.009448283,0.47601268,-2.862945,3.2118611,-1.1257883822917938,-0.9733721339702606,-0.7701815605163574,0.7738935112953185,1.0167475509643558,1.183213803768156,1.3316154342889792
765,diffusion_model.output_blocks.10.0.skip_connection,Conv2d,-0.09426931,0.8945177,-15.291411,18.03753,-2.535967161655426,-2.0427116346359253,-1.4452738344669342,1.1524223744869224,1.7464939379692082,2.261441562175749,2.975349198579794
768,diffusion_model.output_blocks.10.1.proj_in,Linear,-0.024739726,0.50371057,-5.6595736,5.749874,-2.6113327860832216,-1.3106222176551818,-0.5066035151481628,0.4610448226332664,0.711246032714844,1.0442151248455032,1.75655040979388
772,diffusion_model.output_blocks.10.1.transformer_blocks.0.attn1.to_q,Linear,-0.060771756,1.9003488,-7.93757,7.646614,-4.7623982429504395,-4.25159686088562,-3.31531503200531,3.0694711327552797,3.8381165218353273,4.339972929954527,4.786612136363983
773,diffusion_model.output_blocks.10.1.transformer_blocks.0.attn1.to_k,Linear,-0.06485019,2.4273345,-8.809569,7.5264564,-5.259299802780151,-4.778414545059204,-4.073558330535889,3.847229158878326,4.599912672042848,5.022323155403136,5.354211673736575
774,diffusion_model.output_blocks.10.1.transformer_blocks.0.attn1.to_v,Linear,0.0016672498,0.37627915,-2.9845254,2.5117006,-1.0276272654533387,-0.812514728307724,-0.5783615589141846,0.5917659431695939,0.8008582711219792,0.9745617210865009,1.161984811425211
776,diffusion_model.output_blocks.10.1.transformer_blocks.0.attn1.to_out.0,Linear,0.028516892,0.431885,-3.6669497,3.5485916,-0.853775377869606,-0.5696106255054474,-0.42550808042287824,0.475272051990032,0.8193860495090493,1.8511547946929916,2.127588000297547
781,diffusion_model.output_blocks.10.1.transformer_blocks.0.ff.net.0.proj,Linear,-0.047996078,0.38227004,-3.637152,2.90557,-0.9893240714073182,-0.8491760122776032,-0.6556900769472123,0.5576762586832045,0.7879519033432008,0.987107790112491,1.194627602696416
783,diffusion_model.output_blocks.10.1.transformer_blocks.0.ff.net.2,Linear,-0.007777996,0.2441675,-1.3553655,3.3954747,-0.5506226766109467,-0.4682821816205978,-0.3638903647661209,0.3376476973295211,0.44505828917026524,0.5326112687587731,0.6535598108172445
785,diffusion_model.output_blocks.10.1.transformer_blocks.0.attn2.to_q,Linear,0.009856788,0.33133906,-1.4583813,1.4212297,-0.939084792137146,-0.7919197118282318,-0.5256397813558579,0.6093738228082655,0.9078731906414033,1.0056789743900274,1.0928440123796466
786,diffusion_model.output_blocks.10.1.transformer_blocks.0.attn2.to_k,Linear,-0.12598321,3.614137,-18.374603,18.616192,-10.168796577453612,-8.352289199829102,-6.099090290069579,5.6939380645751765,7.963260173797607,10.736174583435059,12.390581130981445
787,diffusion_model.output_blocks.10.1.transformer_blocks.0.attn2.to_v,Linear,0.011733816,0.71702665,-7.1690693,9.377947,-2.589539337158203,-1.764909029006958,-0.7271041840314864,0.8281732976436579,1.9408435463905345,2.611891818046567,3.910503762960397
789,diffusion_model.output_blocks.10.1.transformer_blocks.0.attn2.to_out.0,Linear,-0.0037107368,0.14460811,-2.2339356,0.967705,-0.24335499599575997,-0.1378876283764839,-0.10972513556480408,0.1170696172863245,0.17967362374067308,0.4200605499744411,0.6059611356258394
794,diffusion_model.output_blocks.10.1.proj_out,Linear,0.049987387,0.6023828,-3.3011332,4.216932,-1.45331045627594,-1.2377472615242004,-0.9278765618801117,1.0371973514556885,1.3766411900520326,1.6228883063793162,1.8422105181217237
800,diffusion_model.output_blocks.11.0.in_layers.2,Conv2d,-0.025914885,0.5160565,-3.9817927,4.120069,-1.151665836572647,-1.0114037656784058,-0.7995752841234207,0.8662076115608215,1.2964811515808108,1.6864974236488324,2.0738151478767466
804,diffusion_model.output_blocks.11.0.emb_layers.1,Linear,0.060310166,1.0579182,-3.5280178,4.0568485,-2.9391722679138184,-2.5589725971221924,-2.186783349514007,1.3806415438652029,1.9535129070281982,2.2409088611602783,2.836533546447754
809,diffusion_model.output_blocks.11.0.out_layers.3,Conv2d,-0.48081434,1.1561855,-10.844517,2.5263202,-6.0473374032974245,-3.2246854591369627,-2.1001018285751343,0.9233765661716461,1.190618591308594,1.338579087257385,1.4594193845987329
810,diffusion_model.output_blocks.11.0.skip_connection,Conv2d,-0.10911779,1.8270957,-18.106417,18.11666,-5.453264207839966,-4.486672744750977,-3.069011092185974,2.851735806465148,4.286322050094604,5.371623425483703,6.42671218633652
813,diffusion_model.output_blocks.11.1.proj_in,Linear,0.03126385,0.27123412,-1.9932536,3.8017936,-0.5810351425409317,-0.39449929773807524,-0.27452711164951327,0.32277852594852446,0.45217867434024817,0.7159650760889045,1.9037684488296511
817,diffusion_model.output_blocks.11.1.transformer_blocks.0.attn1.to_q,Linear,0.035851166,0.95372736,-4.7814736,5.2862735,-2.3459461331367493,-2.0063711738586427,-1.5399612128734588,1.5915781557559967,2.1179421710968027,2.5063173460960364,2.8623397314548518
818,diffusion_model.output_blocks.11.1.transformer_blocks.0.attn1.to_k,Linear,0.063755006,1.673527,-6.468605,5.8042774,-3.865561213493347,-3.4112618446350096,-2.824578654766083,2.8877442240715023,3.5240960693359376,3.8625441169738766,4.164795742034915
819,diffusion_model.output_blocks.11.1.transformer_blocks.0.attn1.to_v,Linear,-0.009600082,0.41031697,-3.18443,3.3277555,-1.173257701396942,-0.9689171290397645,-0.6982202112674712,0.6612529873847959,0.909991397857666,1.0882338345050808,1.2573251497745515
821,diffusion_model.output_blocks.11.1.transformer_blocks.0.attn1.to_out.0,Linear,0.007828158,0.18424354,-0.88114005,1.907578,-0.3671756672859192,-0.31693320214748383,-0.20066413879394532,0.20349709913134567,0.3090024846792223,0.5301241743564596,1.4358997446298618
826,diffusion_model.output_blocks.11.1.transformer_blocks.0.ff.net.0.proj,Linear,-0.13457035,0.39745364,-3.9752727,4.1973257,-1.3691957485675812,-1.101439335346222,-0.8153669953346252,0.39241239577531806,0.6023975503444672,0.7866952311992641,1.017172259092316
828,diffusion_model.output_blocks.11.1.transformer_blocks.0.ff.net.2,Linear,0.012666404,0.17081146,-1.970036,1.8871353,-0.3981664541363716,-0.34130285143852235,-0.26300410032272337,0.2925547584891318,0.3778231501579285,0.43974485039710964,0.5029372814297677
830,diffusion_model.output_blocks.11.1.transformer_blocks.0.attn2.to_q,Linear,0.032791466,0.34284574,-1.5279394,1.2687618,-0.9195681357383728,-0.7621983897686004,-0.5635129481554031,0.7575366169214248,0.9108333134651184,0.9754381388425819,1.0161628752946856
831,diffusion_model.output_blocks.11.1.transformer_blocks.0.attn2.to_k,Linear,0.3077769,4.7364907,-26.977882,21.51675,-17.01100046157837,-11.247133407592774,-6.723275184631348,7.941427707672119,12.049662513732917,14.202206459045362,14.924376487731934
832,diffusion_model.output_blocks.11.1.transformer_blocks.0.attn2.to_v,Linear,0.008678947,0.7037828,-8.306398,7.111886,-2.452830629348755,-1.641599063873291,-0.6255532503128052,0.5751215845346446,1.742439019680024,2.73600671768188,3.538196563720703
834,diffusion_model.output_blocks.11.1.transformer_blocks.0.attn2.to_out.0,Linear,0.0007874398,0.045947235,-0.43159866,0.6669055,-0.07276284694671631,-0.06381063818931579,-0.04216920584440231,0.04379376359283923,0.05322116225957871,0.06152838852256512,0.37749195769429245
839,diffusion_model.output_blocks.11.1.proj_out,Linear,0.056411196,1.3156018,-20.319489,12.925431,-5.795680818557739,-4.649205875396729,-2.11424857378006,1.249368578195572,1.6731793260574341,2.0558478999137835,2.5323564445972515
843,diffusion_model.out.2,Conv2d,0.00034571637,0.9884687,-4.0903,3.909802,-2.307035484313965,-2.0342264366149903,-1.6340970516204834,1.6311788916587828,2.021436848640442,2.267279586791992,2.517505426406861
